{
    "file": "J8.wav",
    "duration": 1.5,
    "global_intensity": 0.043681614100933075,
    "f0_mean": 135.33884382035967,
    "f0_variability": 86.41248021597538,
    "spectral_centroid_mean": 1683.7524031508165,
    "spectral_bandwidth_mean": 1508.5426718852934,
    "spectral_rolloff_mean": 2755.918719951923,
    "mfcc_mean": [
        -292.8818359375,
        242.25575256347656,
        -94.32735443115234,
        -25.531661987304688,
        9.036009788513184,
        -25.301029205322266,
        -13.490619659423828,
        3.0253326892852783,
        -16.743778228759766,
        3.849195718765259,
        -4.801487922668457,
        -6.405670642852783,
        -0.37523719668388367
    ]
}