{
    "file": "A17.wav",
    "duration": 1.5000226757369615,
    "global_intensity": 0.038223084062337875,
    "f0_mean": 153.08283194570546,
    "f0_variability": 72.27826905773932,
    "spectral_centroid_mean": 2498.376197253853,
    "spectral_bandwidth_mean": 2448.8521178516116,
    "spectral_rolloff_mean": 4669.889197716346,
    "mfcc_mean": [
        -268.4269104003906,
        186.66883850097656,
        -100.5246353149414,
        43.21762466430664,
        -45.3819580078125,
        -1.422450304031372,
        -9.913777351379395,
        -19.78203582763672,
        10.90481185913086,
        -32.249088287353516,
        9.229050636291504,
        -9.855971336364746,
        -2.619572162628174
    ]
}