{
    "file": "J16.wav",
    "duration": 1.5,
    "global_intensity": 0.033239614218473434,
    "f0_mean": 306.0238785720881,
    "f0_variability": 154.25323349199428,
    "spectral_centroid_mean": 1915.5746846964405,
    "spectral_bandwidth_mean": 2265.2837461860254,
    "spectral_rolloff_mean": 2852.061170212766,
    "mfcc_mean": [
        -369.13885498046875,
        182.25906372070312,
        -83.63958740234375,
        -36.07962417602539,
        -53.745574951171875,
        -27.01708221435547,
        -34.50798034667969,
        -10.732575416564941,
        2.6114306449890137,
        8.612526893615723,
        11.938539505004883,
        6.9739298820495605,
        9.939526557922363
    ]
}