{
    "file": "A20.wav",
    "duration": 1.5,
    "global_intensity": 0.038198694586753845,
    "f0_mean": 317.2407650052541,
    "f0_variability": 116.575897594718,
    "spectral_centroid_mean": 2012.202728692349,
    "spectral_bandwidth_mean": 2459.1107895447576,
    "spectral_rolloff_mean": 3253.490691489362,
    "mfcc_mean": [
        -290.04931640625,
        185.1323699951172,
        -72.73921966552734,
        -3.2288501262664795,
        -52.65480422973633,
        -10.090371131896973,
        -27.60044288635254,
        0.7739114165306091,
        -9.236211776733398,
        1.5320382118225098,
        -2.896214723587036,
        7.021169662475586,
        3.565824508666992
    ]
}