{
    "file": "A24.wav",
    "duration": 1.5,
    "global_intensity": 0.040039561688899994,
    "f0_mean": 173.59947040992702,
    "f0_variability": 99.3907799407594,
    "spectral_centroid_mean": 1784.8831487688683,
    "spectral_bandwidth_mean": 1762.757119139922,
    "spectral_rolloff_mean": 2889.755859375,
    "mfcc_mean": [
        -314.9613342285156,
        191.97216796875,
        -108.6452407836914,
        -16.62555503845215,
        -46.095001220703125,
        -26.87825584411621,
        -20.6539249420166,
        -37.874610900878906,
        -10.68595027923584,
        -29.094032287597656,
        -10.982391357421875,
        2.572721481323242,
        -3.499838352203369
    ]
}