{
    "file": "A6.wav",
    "duration": 1.5,
    "global_intensity": 0.04545558616518974,
    "f0_mean": 342.5508598712725,
    "f0_variability": 98.74456377685094,
    "spectral_centroid_mean": 1540.189239197138,
    "spectral_bandwidth_mean": 1412.000974131104,
    "spectral_rolloff_mean": 2182.1416766826924,
    "mfcc_mean": [
        -328.5180358886719,
        235.1587677001953,
        -87.14361572265625,
        -52.01743698120117,
        -8.724742889404297,
        -14.774308204650879,
        -18.3238525390625,
        -4.399278163909912,
        -19.608381271362305,
        -5.642683029174805,
        9.018269538879395,
        9.853482246398926,
        9.619955062866211
    ]
}