{
    "file": "J23.wav",
    "duration": 1.5,
    "global_intensity": 0.034996338188648224,
    "f0_mean": 389.91318213299246,
    "f0_variability": 144.36664442865325,
    "spectral_centroid_mean": 3082.449785299583,
    "spectral_bandwidth_mean": 3161.0738726902987,
    "spectral_rolloff_mean": 5506.482712765957,
    "mfcc_mean": [
        -279.45526123046875,
        129.1549530029297,
        -113.18730926513672,
        -18.357858657836914,
        -65.24169158935547,
        8.188261032104492,
        -39.728572845458984,
        2.50458025932312,
        -15.379581451416016,
        7.161922454833984,
        -7.939141273498535,
        -11.761971473693848,
        -12.913786888122559
    ]
}