{
    "file": "A11.wav",
    "duration": 1.5000226757369615,
    "global_intensity": 0.04071427881717682,
    "f0_mean": 133.9563274908733,
    "f0_variability": 83.86603505996669,
    "spectral_centroid_mean": 1977.2769492743894,
    "spectral_bandwidth_mean": 1868.237831000527,
    "spectral_rolloff_mean": 3208.447265625,
    "mfcc_mean": [
        -304.70770263671875,
        186.29452514648438,
        -115.59358215332031,
        -10.7289400100708,
        -47.071163177490234,
        -19.194839477539062,
        -26.562965393066406,
        -25.472734451293945,
        7.603952407836914,
        -26.478605270385742,
        2.1734471321105957,
        1.165494680404663,
        -5.884405136108398
    ]
}