{
    "file": "J21.wav",
    "duration": 1.5,
    "global_intensity": 0.03605323284864426,
    "f0_mean": 443.3296145490791,
    "f0_variability": 122.81889284862388,
    "spectral_centroid_mean": 2667.589143915553,
    "spectral_bandwidth_mean": 2954.872153495444,
    "spectral_rolloff_mean": 4497.50664893617,
    "mfcc_mean": [
        -295.9112854003906,
        141.91864013671875,
        -106.69860076904297,
        -26.00112533569336,
        -70.68498992919922,
        -5.9925856590271,
        -39.63472366333008,
        5.822709083557129,
        -11.103981018066406,
        5.1313629150390625,
        -6.92755651473999,
        -10.14528751373291,
        -9.726900100708008
    ]
}