{
    "file": "A4.wav",
    "duration": 1.5051020408163265,
    "global_intensity": 0.04648207873106003,
    "f0_mean": 183.9667359138373,
    "f0_variability": 101.97269984975301,
    "spectral_centroid_mean": 1754.066400624089,
    "spectral_bandwidth_mean": 1632.0618267697155,
    "spectral_rolloff_mean": 2788.0528846153848,
    "mfcc_mean": [
        -296.2680358886719,
        215.0402069091797,
        -103.25171661376953,
        -22.774890899658203,
        -22.08721923828125,
        -22.216726303100586,
        -11.769878387451172,
        4.674259662628174,
        -2.705256938934326,
        3.7718448638916016,
        3.6890554428100586,
        4.65758752822876,
        5.1055474281311035
    ]
}