{
    "file": "J26.wav",
    "duration": 1.5,
    "global_intensity": 0.04591614753007889,
    "f0_mean": 440.97199203271873,
    "f0_variability": 78.70760735245436,
    "spectral_centroid_mean": 2644.791131483509,
    "spectral_bandwidth_mean": 3203.576743849006,
    "spectral_rolloff_mean": 4994.874924879808,
    "mfcc_mean": [
        -283.33953857421875,
        134.65280151367188,
        -67.29263305664062,
        -17.323139190673828,
        -62.45071029663086,
        -4.331268310546875,
        -39.664424896240234,
        5.870281219482422,
        -6.963455677032471,
        20.64019775390625,
        1.7992680072784424,
        9.247385025024414,
        -5.24087381362915
    ]
}