{
    "file": "J14.wav",
    "duration": 1.4999791666666666,
    "global_intensity": 0.045123592019081116,
    "f0_mean": 296.954640604443,
    "f0_variability": 108.28767926389425,
    "spectral_centroid_mean": 1831.139961718719,
    "spectral_bandwidth_mean": 2127.7366376234118,
    "spectral_rolloff_mean": 2936.1702127659573,
    "mfcc_mean": [
        -307.9503479003906,
        173.8895263671875,
        -109.14933013916016,
        -36.25078201293945,
        -83.2900619506836,
        -43.20134735107422,
        -54.24790954589844,
        -29.16929817199707,
        -27.655391693115234,
        -37.728759765625,
        -18.79094696044922,
        -14.720964431762695,
        -5.449454307556152
    ]
}