{
    "file": "J10.wav",
    "duration": 1.5,
    "global_intensity": 0.028911719098687172,
    "f0_mean": 226.3700393060843,
    "f0_variability": 127.29960644789325,
    "spectral_centroid_mean": 2399.640459664644,
    "spectral_bandwidth_mean": 2844.746763086588,
    "spectral_rolloff_mean": 4204.454787234043,
    "mfcc_mean": [
        -369.9176330566406,
        154.3180694580078,
        -46.71076583862305,
        11.147289276123047,
        -23.747974395751953,
        -16.39881134033203,
        -26.217910766601562,
        -15.359247207641602,
        -11.178753852844238,
        -11.581750869750977,
        3.231699228286743,
        10.095709800720215,
        2.844189167022705
    ]
}