{
    "file": "A5.wav",
    "duration": 1.5118367346938775,
    "global_intensity": 0.0478971041738987,
    "f0_mean": 165.1011227191869,
    "f0_variability": 121.9183193609138,
    "spectral_centroid_mean": 1612.5919644044172,
    "spectral_bandwidth_mean": 1604.3952676159051,
    "spectral_rolloff_mean": 2486.016519561069,
    "mfcc_mean": [
        -307.3222961425781,
        225.14077758789062,
        -89.17110443115234,
        -31.335437774658203,
        -19.210102081298828,
        -26.95273208618164,
        -11.425535202026367,
        9.88609790802002,
        -8.279994010925293,
        0.12052815407514572,
        4.146538734436035,
        -1.640979290008545,
        5.061458587646484
    ]
}