{
    "file": "J2.wav",
    "duration": 1.5,
    "global_intensity": 0.04108361527323723,
    "f0_mean": 211.36735493635524,
    "f0_variability": 184.64772604672052,
    "spectral_centroid_mean": 2315.140866002347,
    "spectral_bandwidth_mean": 1765.7123869161433,
    "spectral_rolloff_mean": 3626.3570462740386,
    "mfcc_mean": [
        -263.3680114746094,
        183.2925567626953,
        -138.4827880859375,
        -7.679890155792236,
        -27.659574508666992,
        -3.7641727924346924,
        -12.944868087768555,
        8.615072250366211,
        -1.5057135820388794,
        -0.8925487995147705,
        6.456035137176514,
        -2.435495138168335,
        -4.247059345245361
    ]
}