{
    "file": "J12.wav",
    "duration": 1.5,
    "global_intensity": 0.02378901094198227,
    "f0_mean": 362.64858003841493,
    "f0_variability": 116.86277668700805,
    "spectral_centroid_mean": 2294.569939411825,
    "spectral_bandwidth_mean": 2713.195741043254,
    "spectral_rolloff_mean": 3313.3311170212764,
    "mfcc_mean": [
        -392.35076904296875,
        159.6776580810547,
        -75.30644989013672,
        -19.72677230834961,
        -41.284019470214844,
        -2.515284538269043,
        -33.0077018737793,
        -19.593780517578125,
        -17.444927215576172,
        -3.8958537578582764,
        17.58509635925293,
        7.370987892150879,
        11.466869354248047
    ]
}