{
    "file": "J3.wav",
    "duration": 1.5,
    "global_intensity": 0.04010843113064766,
    "f0_mean": 198.45900659836047,
    "f0_variability": 166.08142303888735,
    "spectral_centroid_mean": 2365.6206926601913,
    "spectral_bandwidth_mean": 1758.3122048031237,
    "spectral_rolloff_mean": 3767.151066706731,
    "mfcc_mean": [
        -253.87655639648438,
        195.61439514160156,
        -129.49559020996094,
        5.382415294647217,
        -9.139165878295898,
        -11.834328651428223,
        -8.984100341796875,
        5.690539360046387,
        -6.385768413543701,
        5.880978584289551,
        -0.8568000793457031,
        5.696735858917236,
        -6.113301753997803
    ]
}