{
    "file": "J18.wav",
    "duration": 1.5,
    "global_intensity": 0.042460616677999496,
    "f0_mean": 232.19816525875612,
    "f0_variability": 139.60584732269777,
    "spectral_centroid_mean": 3018.489901572541,
    "spectral_bandwidth_mean": 1639.2471073457023,
    "spectral_rolloff_mean": 4305.518617021276,
    "mfcc_mean": [
        -400.82855224609375,
        242.2602996826172,
        -53.272682189941406,
        -85.92971801757812,
        13.091987609863281,
        0.400278240442276,
        -48.578983306884766,
        -15.75987434387207,
        13.148809432983398,
        -12.382741928100586,
        -11.637861251831055,
        17.78547477722168,
        7.259318828582764
    ]
}