{
    "file": "J7.wav",
    "duration": 1.5,
    "global_intensity": 0.046779464930295944,
    "f0_mean": 233.32329922846938,
    "f0_variability": 147.74674473055228,
    "spectral_centroid_mean": 1586.7168198435904,
    "spectral_bandwidth_mean": 1429.1801578679892,
    "spectral_rolloff_mean": 2599.388897235577,
    "mfcc_mean": [
        -297.1281433105469,
        248.3012237548828,
        -95.06226348876953,
        -33.45096206665039,
        0.9434878826141357,
        -30.2042236328125,
        -15.897631645202637,
        5.736818313598633,
        -15.586064338684082,
        3.506329298019409,
        -2.711143732070923,
        -0.2283533811569214,
        7.088076114654541
    ]
}