{
    "file": "A-04.wav",
    "duration": 1.5,
    "global_intensity": 0.034857526421546936,
    "f0_mean": 232.22567822623085,
    "f0_variability": 120.60749399305422,
    "spectral_centroid_mean": 2850.892644118451,
    "spectral_bandwidth_mean": 2381.379325108393,
    "spectral_rolloff_mean": 4146.110372340426,
    "mfcc_mean": [
        -324.324951171875,
        189.8159637451172,
        -66.16404724121094,
        -3.7856385707855225,
        -37.97300338745117,
        -9.059368133544922,
        -24.23027992248535,
        -2.773573398590088,
        -7.264323711395264,
        -5.924078464508057,
        -9.213899612426758,
        2.901306390762329,
        2.71726655960083
    ]
}