{
    "file": "J6.wav",
    "duration": 1.5021768707482994,
    "global_intensity": 0.040470972657203674,
    "f0_mean": 293.03840926660234,
    "f0_variability": 137.3239873976512,
    "spectral_centroid_mean": 2144.6681304843964,
    "spectral_bandwidth_mean": 1909.2685683809384,
    "spectral_rolloff_mean": 3307.168719951923,
    "mfcc_mean": [
        -281.41064453125,
        191.57981872558594,
        -102.3403091430664,
        2.0390703678131104,
        -18.869060516357422,
        -10.496467590332031,
        -32.98950958251953,
        -9.32653522491455,
        -12.06548023223877,
        -10.851243019104004,
        -4.236190319061279,
        7.57040548324585,
        5.188661098480225
    ]
}