{
    "file": "J-01.wav",
    "duration": 1.5,
    "global_intensity": 0.038360241800546646,
    "f0_mean": 278.6397332188419,
    "f0_variability": 182.46506347434564,
    "spectral_centroid_mean": 2286.1614986723325,
    "spectral_bandwidth_mean": 1753.44697923238,
    "spectral_rolloff_mean": 3562.751277043269,
    "mfcc_mean": [
        -282.7952575683594,
        185.65365600585938,
        -135.17233276367188,
        -15.205543518066406,
        -18.30630874633789,
        -11.949776649475098,
        -10.31857681274414,
        10.685035705566406,
        -1.0019502639770508,
        2.2180421352386475,
        5.265313625335693,
        4.536296367645264,
        -5.526400089263916
    ]
}