{
    "file": "A-03.wav",
    "duration": 1.5000226757369615,
    "global_intensity": 0.03983752802014351,
    "f0_mean": 188.01263350951726,
    "f0_variability": 102.49210411723517,
    "spectral_centroid_mean": 2608.1773613700498,
    "spectral_bandwidth_mean": 2485.527028685528,
    "spectral_rolloff_mean": 4984.770883413462,
    "mfcc_mean": [
        -270.4738464355469,
        174.30934143066406,
        -96.85039520263672,
        42.57151412963867,
        -41.097679138183594,
        -3.436767578125,
        -8.029273986816406,
        -13.924159049987793,
        15.113905906677246,
        -24.825733184814453,
        6.730775833129883,
        -10.900307655334473,
        -7.644562244415283
    ]
}