{
    "file": "A12.wav",
    "duration": 1.5,
    "global_intensity": 0.044100984930992126,
    "f0_mean": 158.05967386078638,
    "f0_variability": 94.69997090939728,
    "spectral_centroid_mean": 2298.1370436054845,
    "spectral_bandwidth_mean": 2337.4295906465813,
    "spectral_rolloff_mean": 4004.9867021276596,
    "mfcc_mean": [
        -266.56842041015625,
        185.1867218017578,
        -106.1739273071289,
        8.064177513122559,
        -54.240325927734375,
        -10.660890579223633,
        -20.815879821777344,
        -9.248025894165039,
        -1.0657202005386353,
        -19.10485076904297,
        13.015311241149902,
        -7.2860107421875,
        6.356152057647705
    ]
}