{
    "file": "A3.wav",
    "duration": 1.5,
    "global_intensity": 0.04687792807817459,
    "f0_mean": 233.48969601771225,
    "f0_variability": 123.67608183489065,
    "spectral_centroid_mean": 1745.841295088906,
    "spectral_bandwidth_mean": 1679.8799508662228,
    "spectral_rolloff_mean": 2800.6415264423076,
    "mfcc_mean": [
        -289.1850280761719,
        214.09458923339844,
        -95.43962097167969,
        -20.43454933166504,
        -19.01287269592285,
        -23.579429626464844,
        -15.842765808105469,
        0.8481671810150146,
        -5.297134876251221,
        1.3328315019607544,
        0.09505468606948853,
        2.791701555252075,
        6.6948089599609375
    ]
}