{
    "file": "A9.wav",
    "duration": 1.5,
    "global_intensity": 0.04212907701730728,
    "f0_mean": 237.3313845270188,
    "f0_variability": 109.28727836653611,
    "spectral_centroid_mean": 2042.5267153639945,
    "spectral_bandwidth_mean": 1847.9462909523822,
    "spectral_rolloff_mean": 3252.176231971154,
    "mfcc_mean": [
        -295.0701599121094,
        185.34715270996094,
        -123.89225006103516,
        -8.007019996643066,
        -43.61112594604492,
        -21.14743423461914,
        -30.282297134399414,
        -30.551219940185547,
        0.8728734850883484,
        -30.139904022216797,
        -4.292779445648193,
        -2.285698652267456,
        1.6253840923309326
    ]
}