{
    "file": "A2.wav",
    "duration": 1.5,
    "global_intensity": 0.046428143978118896,
    "f0_mean": 183.34128142638832,
    "f0_variability": 102.86236690243675,
    "spectral_centroid_mean": 1595.799288439762,
    "spectral_bandwidth_mean": 1551.4060314023873,
    "spectral_rolloff_mean": 2447.331355168269,
    "mfcc_mean": [
        -290.8656921386719,
        227.89320373535156,
        -86.40327453613281,
        -29.94239044189453,
        -23.613595962524414,
        -10.92867374420166,
        -17.459903717041016,
        -8.321287155151367,
        0.20230093598365784,
        -4.307915210723877,
        -10.089508056640625,
        4.044165134429932,
        -1.0240308046340942
    ]
}