{
    "file": "A14.wav",
    "duration": 1.5,
    "global_intensity": 0.04690180718898773,
    "f0_mean": 196.81203561843438,
    "f0_variability": 139.09492238281447,
    "spectral_centroid_mean": 2223.4014388371456,
    "spectral_bandwidth_mean": 2263.9885712508853,
    "spectral_rolloff_mean": 3805.684840425532,
    "mfcc_mean": [
        -261.649169921875,
        190.33926391601562,
        -107.76883697509766,
        5.628232002258301,
        -55.303279876708984,
        -14.159451484680176,
        -25.162067413330078,
        -8.366291046142578,
        -0.027967466041445732,
        -19.90870475769043,
        11.066742897033691,
        -7.283200740814209,
        10.598957061767578
    ]
}