{
    "file": "A8.wav",
    "duration": 1.5,
    "global_intensity": 0.045514434576034546,
    "f0_mean": 278.8320488188303,
    "f0_variability": 111.23168486044224,
    "spectral_centroid_mean": 1462.277866769327,
    "spectral_bandwidth_mean": 1439.4278164802577,
    "spectral_rolloff_mean": 2110.0882662259614,
    "mfcc_mean": [
        -328.6253662109375,
        241.35910034179688,
        -69.96695709228516,
        -46.952510833740234,
        0.5311350226402283,
        -14.193568229675293,
        -14.921876907348633,
        -6.192141532897949,
        -19.776588439941406,
        -5.4385528564453125,
        7.37759256362915,
        2.1783628463745117,
        5.414685249328613
    ]
}