{
    "file": "J25.wav",
    "duration": 1.5,
    "global_intensity": 0.04193371906876564,
    "f0_mean": 289.19949665723396,
    "f0_variability": 181.74600809377006,
    "spectral_centroid_mean": 3059.0909604073977,
    "spectral_bandwidth_mean": 3380.133417416437,
    "spectral_rolloff_mean": 6130.999849759615,
    "mfcc_mean": [
        -241.76364135742188,
        133.99134826660156,
        -72.94986724853516,
        -11.692349433898926,
        -56.584022521972656,
        13.897911071777344,
        -37.221092224121094,
        4.544551849365234,
        -19.021377563476562,
        14.649828910827637,
        -5.5330705642700195,
        1.292059063911438,
        -7.413102626800537
    ]
}