{
    "file": "A15.wav",
    "duration": 1.500045351473923,
    "global_intensity": 0.0399688221514225,
    "f0_mean": 177.60215128687466,
    "f0_variability": 81.06571406097785,
    "spectral_centroid_mean": 2423.7939316923917,
    "spectral_bandwidth_mean": 2527.9073650721352,
    "spectral_rolloff_mean": 4826.5846604567305,
    "mfcc_mean": [
        -266.69189453125,
        186.16000366210938,
        -87.46939086914062,
        46.72503662109375,
        -38.85953903198242,
        4.011830806732178,
        -12.571273803710938,
        -20.408248901367188,
        6.482895374298096,
        -33.7120361328125,
        6.114091396331787,
        -11.073832511901855,
        -2.656337261199951
    ]
}