{
    "file": "J13.wav",
    "duration": 1.5,
    "global_intensity": 0.044565245509147644,
    "f0_mean": 363.82144790009784,
    "f0_variability": 9.21726204821055,
    "spectral_centroid_mean": 1858.8731322973754,
    "spectral_bandwidth_mean": 2109.318717446506,
    "spectral_rolloff_mean": 2833.776595744681,
    "mfcc_mean": [
        -315.86895751953125,
        165.7025146484375,
        -114.46729278564453,
        -44.83010482788086,
        -81.5477523803711,
        -41.02090072631836,
        -49.468528747558594,
        -34.80878829956055,
        -27.850191116333008,
        -28.239234924316406,
        -10.278050422668457,
        -7.528231143951416,
        -2.5747551918029785
    ]
}