{
    "file": "J22.wav",
    "duration": 1.5,
    "global_intensity": 0.03603744879364967,
    "f0_mean": 419.0302826121733,
    "f0_variability": 120.03553614187268,
    "spectral_centroid_mean": 3071.3249659461558,
    "spectral_bandwidth_mean": 3212.0310216904154,
    "spectral_rolloff_mean": 5539.228723404255,
    "mfcc_mean": [
        -272.6493225097656,
        133.01019287109375,
        -108.76026153564453,
        -15.368955612182617,
        -66.19670104980469,
        6.545505523681641,
        -39.93561553955078,
        4.556479454040527,
        -14.132497787475586,
        9.638720512390137,
        -4.989680290222168,
        -7.560782432556152,
        -12.070728302001953
    ]
}