{
    "file": "J24.wav",
    "duration": 1.5,
    "global_intensity": 0.04502386972308159,
    "f0_mean": 440.3039428065181,
    "f0_variability": 126.28160390320653,
    "spectral_centroid_mean": 2629.6908860413214,
    "spectral_bandwidth_mean": 3022.5588741147008,
    "spectral_rolloff_mean": 4757.6784104567305,
    "mfcc_mean": [
        -256.0870666503906,
        146.44873046875,
        -82.18241119384766,
        -17.864479064941406,
        -66.25054931640625,
        8.290066719055176,
        -37.54677963256836,
        12.851849555969238,
        -7.068438529968262,
        20.18646240234375,
        0.10682936757802963,
        8.147912979125977,
        -3.7233660221099854
    ]
}