{
    "file": "J20.wav",
    "duration": 1.5,
    "global_intensity": 0.039032433182001114,
    "f0_mean": 364.371835149395,
    "f0_variability": 113.1178881891836,
    "spectral_centroid_mean": 1958.3640599548962,
    "spectral_bandwidth_mean": 2313.937342582891,
    "spectral_rolloff_mean": 2936.6688829787236,
    "mfcc_mean": [
        -310.2474365234375,
        179.84408569335938,
        -83.69159698486328,
        -22.063514709472656,
        -52.97853469848633,
        -17.081026077270508,
        -41.95383834838867,
        -12.871992111206055,
        -5.374515533447266,
        10.228288650512695,
        7.465192794799805,
        -0.10967238247394562,
        5.704245567321777
    ]
}