{
    "file": "A25.wav",
    "duration": 1.5,
    "global_intensity": 0.037888579070568085,
    "f0_mean": 193.15756156627975,
    "f0_variability": 118.35100486389706,
    "spectral_centroid_mean": 1832.8270237207414,
    "spectral_bandwidth_mean": 1726.1130994311695,
    "spectral_rolloff_mean": 2927.1905048076924,
    "mfcc_mean": [
        -316.110107421875,
        196.79095458984375,
        -118.08399963378906,
        -15.037647247314453,
        -50.73672103881836,
        -32.25563049316406,
        -20.671676635742188,
        -31.208398818969727,
        3.140963077545166,
        -21.725872039794922,
        -8.8997802734375,
        -1.9045276641845703,
        0.007345522288233042
    ]
}