{
    "file": "J15.wav",
    "duration": 1.5,
    "global_intensity": 0.046473752707242966,
    "f0_mean": 306.6162053385855,
    "f0_variability": 127.86345075997438,
    "spectral_centroid_mean": 1798.6455280054622,
    "spectral_bandwidth_mean": 2080.419621120552,
    "spectral_rolloff_mean": 2743.351063829787,
    "mfcc_mean": [
        -308.4713134765625,
        174.07421875,
        -110.20974731445312,
        -41.60970687866211,
        -82.9004898071289,
        -40.868247985839844,
        -54.888084411621094,
        -32.696136474609375,
        -24.337997436523438,
        -30.286115646362305,
        -13.349016189575195,
        -14.59533977508545,
        -8.037553787231445
    ]
}