{
    "file": "A-05.wav",
    "duration": 1.5,
    "global_intensity": 0.038633860647678375,
    "f0_mean": 256.9234630852085,
    "f0_variability": 119.24313291829235,
    "spectral_centroid_mean": 2599.5048600243667,
    "spectral_bandwidth_mean": 3065.355124429042,
    "spectral_rolloff_mean": 5037.566489361702,
    "mfcc_mean": [
        -271.363037109375,
        156.96511840820312,
        -71.37330627441406,
        -4.401857376098633,
        -61.21335983276367,
        -4.586633682250977,
        -35.932106018066406,
        -2.7631638050079346,
        -7.6684041023254395,
        7.656351089477539,
        -22.22530174255371,
        8.548014640808105,
        2.354701280593872
    ]
}