{
    "file": "A23.wav",
    "duration": 1.5,
    "global_intensity": 0.08210831880569458,
    "f0_mean": 120.36575304591015,
    "f0_variability": 80.13696267458843,
    "spectral_centroid_mean": 1305.4304430682055,
    "spectral_bandwidth_mean": 1423.3048736568853,
    "spectral_rolloff_mean": 2176.5099158653848,
    "mfcc_mean": [
        -246.27935791015625,
        252.45120239257812,
        -69.8726577758789,
        4.4920477867126465,
        -25.89996337890625,
        -15.358561515808105,
        -10.812112808227539,
        -22.12196159362793,
        1.8629083633422852,
        -19.451356887817383,
        -12.387300491333008,
        -8.559183120727539,
        -3.0075745582580566
    ]
}