{
    "file": "A10.wav",
    "duration": 1.5000226757369615,
    "global_intensity": 0.04192458093166351,
    "f0_mean": 192.5559419725664,
    "f0_variability": 124.12503326392162,
    "spectral_centroid_mean": 1976.2661470637008,
    "spectral_bandwidth_mean": 1826.924530728619,
    "spectral_rolloff_mean": 3119.9954927884614,
    "mfcc_mean": [
        -297.15264892578125,
        186.69326782226562,
        -109.04650115966797,
        -14.919543266296387,
        -36.728553771972656,
        -15.3380126953125,
        -24.619077682495117,
        -21.592666625976562,
        6.920985698699951,
        -24.67832374572754,
        -1.1152985095977783,
        -4.344048976898193,
        -6.4298248291015625
    ]
}