{
    "file": "J19.wav",
    "duration": 1.5,
    "global_intensity": 0.04512612521648407,
    "f0_mean": 138.73971348990366,
    "f0_variability": 92.58883571845372,
    "spectral_centroid_mean": 1655.5392010886187,
    "spectral_bandwidth_mean": 1238.4325501931758,
    "spectral_rolloff_mean": 2630.152925531915,
    "mfcc_mean": [
        -355.0006103515625,
        271.115478515625,
        -69.16744232177734,
        -97.7066421508789,
        26.089111328125,
        13.60926628112793,
        -47.56205749511719,
        -13.699743270874023,
        16.784984588623047,
        -17.55718421936035,
        -21.307235717773438,
        13.533487319946289,
        6.0977582931518555
    ]
}