{
    "file": "J9.wav",
    "duration": 1.5,
    "global_intensity": 0.04698196426033974,
    "f0_mean": 291.1758309070368,
    "f0_variability": 120.69208079910726,
    "spectral_centroid_mean": 1488.3243156554706,
    "spectral_bandwidth_mean": 1443.697185822476,
    "spectral_rolloff_mean": 2361.032902644231,
    "mfcc_mean": [
        -309.2275695800781,
        249.47613525390625,
        -82.73070526123047,
        -38.00523376464844,
        2.62697696685791,
        -31.711410522460938,
        -17.47885513305664,
        -1.9008234739303589,
        -17.311500549316406,
        0.8786128163337708,
        -0.30319148302078247,
        0.12899962067604065,
        5.107903957366943
    ]
}