{
    "file": "A-02.wav",
    "duration": 1.5,
    "global_intensity": 0.045782044529914856,
    "f0_mean": 247.81887079008683,
    "f0_variability": 112.55808401382998,
    "spectral_centroid_mean": 1626.5822505713497,
    "spectral_bandwidth_mean": 1442.1257565240094,
    "spectral_rolloff_mean": 2356.394981971154,
    "mfcc_mean": [
        -321.6791687011719,
        232.0452423095703,
        -98.41226959228516,
        -46.30635452270508,
        -7.152502536773682,
        -21.368494033813477,
        -11.122998237609863,
        -4.3996734619140625,
        -18.903949737548828,
        -2.2235207557678223,
        4.982868671417236,
        5.0869269371032715,
        11.324207305908203
    ]
}