{
    "file": "J5.wav",
    "duration": 1.5021768707482994,
    "global_intensity": 0.04383732005953789,
    "f0_mean": 250.31554414302437,
    "f0_variability": 180.4830713065657,
    "spectral_centroid_mean": 2184.3148113781826,
    "spectral_bandwidth_mean": 1962.1623691604905,
    "spectral_rolloff_mean": 3475.9559044471152,
    "mfcc_mean": [
        -254.04531860351562,
        188.88699340820312,
        -113.05171203613281,
        1.8924380540847778,
        -35.363590240478516,
        -8.011317253112793,
        -34.082916259765625,
        -6.2467875480651855,
        -4.805603981018066,
        -4.069791793823242,
        2.941305637359619,
        -2.6049880981445312,
        -2.138777494430542
    ]
}