{
    "file": "J4.wav",
    "duration": 1.5021768707482994,
    "global_intensity": 0.041026268154382706,
    "f0_mean": 218.85027384924385,
    "f0_variability": 154.5952296016974,
    "spectral_centroid_mean": 2328.4110906612677,
    "spectral_bandwidth_mean": 1869.5284106441088,
    "spectral_rolloff_mean": 3585.1126802884614,
    "mfcc_mean": [
        -260.1788330078125,
        184.86463928222656,
        -125.53721618652344,
        -0.40065401792526245,
        -25.84807777404785,
        -7.217058181762695,
        -23.061782836914062,
        2.235346794128418,
        -2.8887784481048584,
        -3.967844247817993,
        -1.416831135749817,
        -0.3122713267803192,
        1.0732535123825073
    ]
}