{
    "file": "A13.wav",
    "duration": 1.5,
    "global_intensity": 0.04360516741871834,
    "f0_mean": 165.48346133419855,
    "f0_variability": 123.75934033002471,
    "spectral_centroid_mean": 2363.3606716651157,
    "spectral_bandwidth_mean": 2282.5764938222082,
    "spectral_rolloff_mean": 3927.19414893617,
    "mfcc_mean": [
        -264.70074462890625,
        182.29124450683594,
        -116.54964447021484,
        1.4177166223526,
        -54.13880920410156,
        -12.323836326599121,
        -25.38054084777832,
        -10.88364028930664,
        -0.5180819034576416,
        -21.246177673339844,
        6.980390548706055,
        -9.90322208404541,
        7.315371036529541
    ]
}