{
    "A-01.wav": {
        "duration": 1.5,
        "global_intensity": 0.045922938734292984,
        "f0_mean": 297.99572727893036,
        "f0_variability": 129.7903465145667,
        "spectral_balance": 1621.094713007545
    },
    "A-02.wav": {
        "duration": 1.5,
        "global_intensity": 0.045782044529914856,
        "f0_mean": 247.81887079008683,
        "f0_variability": 112.55808401382998,
        "spectral_balance": 1626.5822505713497
    },
    "A-03.wav": {
        "duration": 1.5000226757369615,
        "global_intensity": 0.03983752802014351,
        "f0_mean": 188.01263350951726,
        "f0_variability": 102.49210411723517,
        "spectral_balance": 2608.1773613700498
    },
    "A-04.wav": {
        "duration": 1.5,
        "global_intensity": 0.034857526421546936,
        "f0_mean": 232.22567822623085,
        "f0_variability": 120.60749399305422,
        "spectral_balance": 2850.892644118451
    },
    "A-05.wav": {
        "duration": 1.5,
        "global_intensity": 0.038633860647678375,
        "f0_mean": 256.9234630852085,
        "f0_variability": 119.24313291829235,
        "spectral_balance": 2599.5048600243667
    },
    "A-06.wav": {
        "duration": 1.5,
        "global_intensity": 0.08210831880569458,
        "f0_mean": 120.36575304591015,
        "f0_variability": 80.13696267458843,
        "spectral_balance": 1305.4304430682055
    },
    "J-01.wav": {
        "duration": 1.5,
        "global_intensity": 0.038360241800546646,
        "f0_mean": 278.6397332188419,
        "f0_variability": 182.46506347434564,
        "spectral_balance": 2286.1614986723325
    },
    "J-02.wav": {
        "duration": 1.5000208333333334,
        "global_intensity": 0.024213360622525215,
        "f0_mean": 294.56105584616114,
        "f0_variability": 161.055253282616,
        "spectral_balance": 2124.5615626839244
    },
    "J-03.wav": {
        "duration": 1.5,
        "global_intensity": 0.03605323284864426,
        "f0_mean": 443.3296145490791,
        "f0_variability": 122.81889284862388,
        "spectral_balance": 2667.589143915553
    },
    "J-04.wav": {
        "duration": 1.5,
        "global_intensity": 0.03603744879364967,
        "f0_mean": 419.0302826121733,
        "f0_variability": 120.03553614187268,
        "spectral_balance": 3071.3249659461558
    },
    "J-05.wav": {
        "duration": 1.5,
        "global_intensity": 0.034996338188648224,
        "f0_mean": 389.91318213299246,
        "f0_variability": 144.36664442865325,
        "spectral_balance": 3082.449785299583
    },
    "J-06.wav": {
        "duration": 1.5,
        "global_intensity": 0.04193371906876564,
        "f0_mean": 289.19949665723396,
        "f0_variability": 181.74600809377006,
        "spectral_balance": 3059.0909604073977
    }
}