{
    "file": "A26.wav",
    "duration": 1.5,
    "global_intensity": 0.037198953330516815,
    "f0_mean": 186.93957474466927,
    "f0_variability": 132.15273601920714,
    "spectral_centroid_mean": 1866.4359667990532,
    "spectral_bandwidth_mean": 1698.2099440563175,
    "spectral_rolloff_mean": 2945.5765474759614,
    "mfcc_mean": [
        -314.13079833984375,
        200.02328491210938,
        -121.84378051757812,
        -17.98461151123047,
        -46.85840606689453,
        -27.151626586914062,
        -21.950525283813477,
        -35.0313835144043,
        2.406744956970215,
        -26.365026473999023,
        -10.035900115966797,
        1.4416273832321167,
        -3.8204431533813477
    ]
}