{
    "file": "A1.wav",
    "duration": 1.5,
    "global_intensity": 0.045922938734292984,
    "f0_mean": 297.99572727893036,
    "f0_variability": 129.7903465145667,
    "spectral_centroid_mean": 1621.094713007545,
    "spectral_bandwidth_mean": 1520.5005847233685,
    "spectral_rolloff_mean": 2453.625676081731,
    "mfcc_mean": [
        -294.8953857421875,
        232.69021606445312,
        -85.57011413574219,
        -35.86680221557617,
        -15.090312957763672,
        1.5905581712722778,
        -25.925827026367188,
        -12.712725639343262,
        -5.076450824737549,
        1.4451408386230469,
        -4.449735164642334,
        6.1879425048828125,
        5.083104610443115
    ]
}