{
    "file": "J-02.wav",
    "duration": 1.5000208333333334,
    "global_intensity": 0.024213360622525215,
    "f0_mean": 294.56105584616114,
    "f0_variability": 161.055253282616,
    "spectral_centroid_mean": 2124.5615626839244,
    "spectral_bandwidth_mean": 2399.538161018826,
    "spectral_rolloff_mean": 3322.80585106383,
    "mfcc_mean": [
        -396.8123474121094,
        163.78839111328125,
        -100.11331939697266,
        -47.955570220947266,
        -58.564537048339844,
        -22.39332389831543,
        -39.970726013183594,
        -24.904298782348633,
        -11.6965970993042,
        -15.261857032775879,
        7.758936405181885,
        -5.703457832336426,
        -7.014646053314209
    ]
}