{
    "file": "A22.wav",
    "duration": 1.5,
    "global_intensity": 0.03792963922023773,
    "f0_mean": 119.14341271455197,
    "f0_variability": 79.22589629288365,
    "spectral_centroid_mean": 1382.1090197536653,
    "spectral_bandwidth_mean": 1540.4766383071512,
    "spectral_rolloff_mean": 2350.266301081731,
    "mfcc_mean": [
        -310.45318603515625,
        243.4969940185547,
        -67.7380142211914,
        1.7286864519119263,
        -16.200838088989258,
        -14.371082305908203,
        -5.917178153991699,
        -14.947842597961426,
        4.157550811767578,
        -18.460224151611328,
        -12.524686813354492,
        -3.108376979827881,
        -0.6645081639289856
    ]
}