{
    "file": "A21.wav",
    "duration": 1.5,
    "global_intensity": 0.04109406843781471,
    "f0_mean": 160.04882333187086,
    "f0_variability": 99.05635301471982,
    "spectral_centroid_mean": 2176.544602949896,
    "spectral_bandwidth_mean": 2312.1226203332335,
    "spectral_rolloff_mean": 4069.315159574468,
    "mfcc_mean": [
        -302.7143249511719,
        192.3618927001953,
        -91.51121520996094,
        12.81872844696045,
        -50.68330383300781,
        -36.42509460449219,
        -25.24470329284668,
        -7.551599502563477,
        3.94132661819458,
        -26.335256576538086,
        -20.081256866455078,
        -8.268811225891113,
        -2.9037489891052246
    ]
}